{"count":1,"self":4.9242732,"total":4.9669396,"children":{"InitializeActuators":{"count":1,"self":0.0030006,"total":0.0030006,"children":null},"InitializeSensors":{"count":1,"self":0.0019990999999999997,"total":0.0019990999999999997,"children":null},"AgentSendState":{"count":234,"self":0.0064938999999999995,"total":0.0257284,"children":{"CollectObservations":{"count":198,"self":0.0159819,"total":0.0159819,"children":null},"WriteActionMask":{"count":198,"self":0.0015754,"total":0.0015754,"children":null},"RequestDecision":{"count":198,"self":0.0016772,"total":0.0016772,"children":null}}},"DecideAction":{"count":234,"self":0.0039562999999999994,"total":0.0039562999999999994,"children":null},"AgentAct":{"count":234,"self":0.0039816999999999995,"total":0.0039816999999999995,"children":null}},"gauges":{},"metadata":{"timer_format_version":"0.1.0","start_time_seconds":"1625833206","unity_version":"2020.3.13f1","command_line_arguments":"D:\\GitHub\\GitHub\\finalBuildv1\\Metal - Tetris.exe","communication_protocol_version":"1.5.0","com.unity.ml-agents_version":"2.1.0-exp.1","scene_name":"MainMenu","end_time_seconds":"1625833211"}}