{"count":1,"self":60.8852288,"total":61.125845299999995,"children":{"InitializeActuators":{"count":1,"self":0.0010308,"total":0.0010308,"children":null},"InitializeSensors":{"count":1,"self":0.0019951,"total":0.0019951,"children":null},"AgentSendState":{"count":3046,"self":0.0592886,"total":0.21325439999999998,"children":{"CollectObservations":{"count":2885,"self":0.12738939999999999,"total":0.12738939999999999,"children":null},"WriteActionMask":{"count":2885,"self":0.0117334,"total":0.0117334,"children":null},"RequestDecision":{"count":2885,"self":0.014842999999999999,"total":0.014842999999999999,"children":null}}},"DecideAction":{"count":3046,"self":0.0109223,"total":0.0109223,"children":null},"AgentAct":{"count":3046,"self":0.010435999999999999,"total":0.010435999999999999,"children":null}},"gauges":{},"metadata":{"timer_format_version":"0.1.0","start_time_seconds":"1625830415","unity_version":"2020.3.13f1","command_line_arguments":"C:\\Celta Games\\metal-tetris-2\\finalBuildv1\\Metal - Tetris.exe","communication_protocol_version":"1.5.0","com.unity.ml-agents_version":"2.1.0-exp.1","scene_name":"MainMenu","end_time_seconds":"1625830476"}}