{"count":1,"self":13.098808,"total":13.1748099,"children":{"InitializeActuators":{"count":1,"self":0.0060103,"total":0.0060103,"children":null},"InitializeSensors":{"count":1,"self":0.0040000999999999995,"total":0.0040000999999999995,"children":null},"AgentSendState":{"count":417,"self":0.014074199999999999,"total":0.0488827,"children":{"CollectObservations":{"count":116,"self":0.024777999999999998,"total":0.024777999999999998,"children":null},"WriteActionMask":{"count":116,"self":0.0039898,"total":0.0039898,"children":null},"RequestDecision":{"count":116,"self":0.0060406999999999995,"total":0.0060406999999999995,"children":null}}},"DecideAction":{"count":417,"self":0.0094589,"total":0.0094589,"children":null},"AgentAct":{"count":417,"self":0.0065902999999999995,"total":0.0065902999999999995,"children":null}},"gauges":{},"metadata":{"timer_format_version":"0.1.0","start_time_seconds":"1625833023","unity_version":"2020.3.13f1","command_line_arguments":"D:\\Program Files\\Unity\\2020.3.13f1\\Editor\\Unity.exe -projectpath D:\/GitHub\/GitHub\/metal-tetris-2\/Metal Tetris Unity Project -useHub -hubIPC -cloudEnvironment production -hubSessionId 4400ed40-e0a1-11eb-b07e-5dc07183dd86","communication_protocol_version":"1.5.0","com.unity.ml-agents_version":"2.1.0-exp.1","scene_name":"MainMenu","end_time_seconds":"1625833036"}}